,Supplier_Lead_Time,Inventory_Levels,Order_Frequency,Delivery_Performance,Cost_Per_Unit
Supplier_Lead_Time,1.0,0.2066745240270163,-0.9260244383453362,-0.9293711137357253,0.9658661592002671
Inventory_Levels,0.2066745240270163,1.0,-0.12948039378097023,-0.18360205424248832,0.1915055216757275
Order_Frequency,-0.9260244383453362,-0.12948039378097023,1.0,0.8356047867908212,-0.8922350607915165
Delivery_Performance,-0.9293711137357253,-0.18360205424248832,0.8356047867908212,1.0,-0.9289996856323979
Cost_Per_Unit,0.9658661592002671,0.1915055216757275,-0.8922350607915165,-0.9289996856323979,1.0
